placement,local_bsz,step_time,sync_time,gpu_time,data_time,other_time
0001,16,0.087,0.0007,0.0835,0.0004,0.0031
0001,25,0.1243,0.0006,0.1211,0.0003,0.0029
0001,32,0.1474,0.0006,0.1439,0.0004,0.0031
0001,50,0.2235,0.0006,0.2202,0.0004,0.003
0001,64,0.2837,0.0006,0.2776,0.0004,0.0058
0001,100,0.4406,0.0006,0.4347,0.0004,0.0056
0002,16,0.0993,0.0028,0.0956,0.0004,0.0034
0002,25,0.1378,0.0036,0.1342,0.0004,0.0032
0002,32,0.1581,0.0035,0.1544,0.0003,0.0034
0002,50,0.2375,0.0049,0.2335,0.0003,0.0037
0002,64,0.297,0.0059,0.2918,0.0004,0.0049
0002,100,0.4623,0.0078,0.4564,0.0003,0.0056
0003,16,0.0999,0.0057,0.096,0.0004,0.0036
0003,25,0.1378,0.0057,0.1334,0.0004,0.0041
0003,32,0.1608,0.0057,0.156,0.0004,0.0045
0003,50,0.2436,0.0068,0.2354,0.0004,0.0079
0003,64,0.2968,0.0071,0.2901,0.0004,0.0063
0003,100,0.4632,0.011,0.4587,0.0004,0.0041
0004,16,0.1039,0.005,0.0993,0.0004,0.0041
0004,25,0.1418,0.0044,0.1365,0.0004,0.0049
0004,32,0.1619,0.0047,0.1578,0.0003,0.0038
0004,50,0.2423,0.0064,0.2383,0.0004,0.0036
0004,64,0.3175,0.0083,0.293,0.0003,0.0242
0004,100,0.4705,0.0117,0.4619,0.0005,0.0081
0011,16,0.0908,0.0026,0.087,0.0003,0.0035
0011,25,0.1284,0.0022,0.1244,0.0004,0.0036
0011,32,0.1588,0.0027,0.1487,0.0004,0.0097
0011,50,0.2288,0.0021,0.2241,0.0004,0.0043
0011,64,0.2822,0.0023,0.2781,0.0004,0.0037
0011,100,0.4403,0.0022,0.4354,0.0004,0.0045
0012,16,0.1014,0.0066,0.0969,0.0003,0.0042
0012,25,0.1382,0.0062,0.1346,0.0003,0.0032
0012,32,0.1587,0.0059,0.155,0.0003,0.0035
0012,50,0.2404,0.0072,0.2344,0.0004,0.0057
0012,64,0.3014,0.0105,0.2918,0.0004,0.0091
0012,100,0.4597,0.0118,0.4534,0.0004,0.0059
0013,16,0.1024,0.0084,0.098,0.0003,0.0041
0013,25,0.1384,0.0074,0.1345,0.0004,0.0034
0013,32,0.16,0.0072,0.1565,0.0003,0.0032
0013,50,0.2407,0.0085,0.2347,0.0003,0.0057
0013,64,0.301,0.0105,0.2912,0.0003,0.0095
0013,100,0.4644,0.0124,0.4537,0.0004,0.0103
0014,16,0.1022,0.006,0.098,0.0003,0.004
0014,25,0.1404,0.006,0.1361,0.0004,0.0039
0014,32,0.1629,0.0061,0.158,0.0004,0.0046
0014,50,0.2476,0.0088,0.2394,0.0004,0.0078
0014,64,0.305,0.0105,0.2943,0.0004,0.0104
0014,100,0.4679,0.015,0.4615,0.0004,0.006
0022,16,0.1035,0.0045,0.0979,0.0003,0.0053
0022,25,0.1396,0.0047,0.1355,0.0003,0.0038
0022,32,0.1618,0.0047,0.1573,0.0003,0.0042
0022,50,0.241,0.0058,0.2356,0.0004,0.005
0022,64,0.3001,0.0082,0.2928,0.0004,0.0069
0022,100,0.4675,0.0099,0.459,0.0004,0.008
0023,16,0.1033,0.0055,0.0984,0.0004,0.0045
0023,25,0.1402,0.0053,0.1348,0.0003,0.0051
0023,32,0.1618,0.006,0.1579,0.0004,0.0035
0023,50,0.2466,0.0083,0.2371,0.0004,0.0092
0023,64,0.3027,0.0077,0.2901,0.0004,0.0122
0023,100,0.4666,0.0097,0.4556,0.0004,0.0106
0024,16,0.1043,0.005,0.0997,0.0003,0.0043
0024,25,0.1429,0.0054,0.1373,0.0004,0.0052
0024,32,0.1628,0.0051,0.1584,0.0003,0.004
0024,50,0.242,0.0069,0.2375,0.0004,0.0041
0024,64,0.3023,0.0089,0.2942,0.0004,0.0077
0024,100,0.47,0.0133,0.4624,0.0004,0.0072
0033,16,0.1047,0.008,0.1007,0.0003,0.0037
0033,25,0.1395,0.0068,0.1351,0.0003,0.0041
0033,32,0.1626,0.0066,0.1576,0.0003,0.0047
0033,50,0.242,0.008,0.2368,0.0004,0.0049
0033,64,0.2974,0.0086,0.2907,0.0003,0.0064
0033,100,0.4663,0.0106,0.4549,0.0004,0.0111
0034,16,0.1049,0.0061,0.0999,0.0003,0.0047
0034,25,0.1419,0.0059,0.1366,0.0004,0.005
0034,32,0.1645,0.0062,0.1597,0.0004,0.0044
0034,50,0.2434,0.0082,0.2383,0.0004,0.0047
0034,64,0.3044,0.0099,0.295,0.0004,0.009
0034,100,0.4824,0.0139,0.4616,0.0004,0.0204
0044,16,0.1048,0.0046,0.1,0.0003,0.0045
0044,25,0.1414,0.0051,0.1362,0.0003,0.0049
0044,32,0.1647,0.0058,0.1588,0.0004,0.0055
0044,50,0.2437,0.0083,0.2394,0.0004,0.0039
0044,64,0.3001,0.0092,0.2941,0.0004,0.0056
0044,100,0.4697,0.0133,0.4615,0.0006,0.0076
0111,16,0.1258,0.0241,0.1191,0.0004,0.0063
0111,25,0.1682,0.0229,0.1585,0.0004,0.0092
0111,32,0.1838,0.0209,0.1765,0.0003,0.007
0111,50,0.2621,0.0191,0.2547,0.0004,0.0069
0111,64,0.3158,0.0192,0.3083,0.0004,0.0072
0111,100,0.4807,0.0199,0.4723,0.0004,0.0079
0112,16,0.1208,0.0172,0.112,0.0003,0.0085
0112,25,0.1555,0.0168,0.1494,0.0003,0.0057
0112,32,0.2347,0.0163,0.1723,0.0003,0.0621
0112,50,0.2567,0.0151,0.2486,0.0004,0.0078
0112,64,0.3112,0.0151,0.3024,0.0004,0.0084
0112,100,0.4713,0.013,0.4628,0.0004,0.0081
0113,16,0.117,0.0156,0.109,0.0004,0.0076
0113,25,0.1554,0.0149,0.1463,0.0004,0.0087
0113,32,0.1751,0.0148,0.1685,0.0003,0.0062
0113,50,0.2541,0.0147,0.2458,0.0004,0.0079
0113,64,0.3087,0.014,0.3003,0.0004,0.008
0113,100,0.4691,0.0129,0.4606,0.0004,0.0081
0114,16,0.1116,0.0133,0.1055,0.0003,0.0059
0114,25,0.1544,0.0124,0.1452,0.0003,0.0089
0114,32,0.1764,0.0116,0.1668,0.0004,0.0092
0114,50,0.2527,0.0122,0.2439,0.0004,0.0084
0114,64,0.3072,0.0121,0.2981,0.0004,0.0087
0114,100,0.4682,0.0099,0.4577,0.0004,0.0101
0122,16,0.1179,0.0142,0.1088,0.0003,0.0088
0122,25,0.16,0.012,0.1459,0.0004,0.0137
0122,32,0.1749,0.0123,0.1695,0.0004,0.0051
0122,50,0.2558,0.0128,0.2462,0.0004,0.0093
0122,64,0.3076,0.0114,0.2988,0.0004,0.0084
0122,100,0.4698,0.0104,0.4618,0.0005,0.0076
0123,16,0.1166,0.014,0.1073,0.0003,0.009
0123,25,0.1495,0.0114,0.1441,0.0003,0.005
0123,32,0.1753,0.0125,0.1672,0.0003,0.0078
0123,50,0.2534,0.0133,0.2444,0.0003,0.0087
0123,64,0.3077,0.0127,0.2982,0.0003,0.0092
0123,100,0.4696,0.0122,0.4603,0.0004,0.0089
0124,16,0.1166,0.0144,0.1087,0.0003,0.0075
0124,25,0.1539,0.0113,0.1453,0.0004,0.0083
0124,32,0.176,0.011,0.1672,0.0004,0.0083
0124,50,0.2515,0.0125,0.2458,0.0004,0.0053
0124,64,0.3083,0.0123,0.2991,0.0004,0.0087
0124,100,0.4697,0.0115,0.4611,0.0004,0.0082
0133,16,0.1152,0.017,0.1095,0.0003,0.0053
0133,25,0.1563,0.015,0.1471,0.0004,0.0087
0133,32,0.1758,0.0143,0.1689,0.0004,0.0065
0133,50,0.2584,0.0152,0.246,0.0003,0.0121
0133,64,0.3073,0.0144,0.2988,0.0004,0.0081
0133,100,0.4707,0.0136,0.4618,0.0004,0.0084
0134,16,0.1169,0.0151,0.1089,0.0003,0.0077
0134,25,0.1522,0.0129,0.1463,0.0004,0.0054
0134,32,0.1783,0.0133,0.1694,0.0004,0.0085
0134,50,0.2554,0.0145,0.2459,0.0004,0.0091
0134,64,0.3088,0.0136,0.2992,0.0004,0.0092
0134,100,0.4719,0.0138,0.4622,0.0004,0.0093
0144,16,0.1172,0.0147,0.1091,0.0003,0.0077
0144,25,0.1541,0.0139,0.148,0.0004,0.0057
0144,32,0.175,0.0127,0.169,0.0004,0.0057
0144,50,0.2559,0.0139,0.2468,0.0004,0.0087
0144,64,0.3069,0.0127,0.2992,0.0004,0.0073
0144,100,0.4737,0.0119,0.4596,0.0004,0.0137
0222,16,0.1359,0.0246,0.125,0.0004,0.0105
0222,25,0.1748,0.0253,0.1654,0.0003,0.009
0222,32,0.1939,0.023,0.1842,0.0004,0.0094
0222,50,0.2626,0.0173,0.2537,0.0003,0.0085
0222,64,0.3215,0.0178,0.3102,0.0004,0.0109
0222,100,0.4868,0.0192,0.4769,0.0004,0.0094
0223,16,0.1367,0.0286,0.1265,0.0003,0.0099
0223,25,0.173,0.0252,0.1629,0.0004,0.0097
0223,32,0.1916,0.0245,0.1832,0.0003,0.0081
0223,50,0.2711,0.0229,0.2608,0.0004,0.0099
0223,64,0.3164,0.0188,0.3084,0.0004,0.0076
0223,100,0.4826,0.0198,0.4737,0.0004,0.0084
0224,16,0.1352,0.0275,0.1242,0.0003,0.0107
0224,25,0.1735,0.0253,0.1625,0.0003,0.0106
0224,32,0.1934,0.0246,0.1839,0.0004,0.009
0224,50,0.2663,0.0211,0.2576,0.0004,0.0083
0224,64,0.3214,0.0193,0.3098,0.0004,0.0112
0224,100,0.4866,0.0196,0.4734,0.0004,0.0127
0233,16,0.1359,0.0299,0.1258,0.0004,0.0097
0233,25,0.1741,0.0274,0.1635,0.0003,0.0103
0233,32,0.196,0.0276,0.1856,0.0003,0.01
0233,50,0.2681,0.0236,0.2591,0.0004,0.0087
0233,64,0.3214,0.0223,0.3125,0.0004,0.0085
0233,100,0.4821,0.0192,0.4719,0.0004,0.0098
0234,16,0.1362,0.0316,0.1281,0.0003,0.0078
0234,25,0.1729,0.0273,0.1639,0.0004,0.0087
0234,32,0.1907,0.0232,0.1797,0.0003,0.0107
0234,50,0.2632,0.0187,0.2537,0.0004,0.0092
0234,64,0.3188,0.0205,0.3099,0.0004,0.0085
0234,100,0.4786,0.017,0.4696,0.0004,0.0086
0244,16,0.1331,0.028,0.124,0.0004,0.0087
0244,25,0.1687,0.0254,0.1615,0.0004,0.0067
0244,32,0.1911,0.0248,0.1824,0.0004,0.0084
0244,50,0.2596,0.0173,0.2506,0.0004,0.0087
0244,64,0.3164,0.0192,0.3085,0.0004,0.0075
0244,100,0.4797,0.0174,0.4694,0.0004,0.0099
0333,16,0.1325,0.0281,0.1222,0.0003,0.01
0333,25,0.1684,0.0247,0.1582,0.0003,0.0099
0333,32,0.1884,0.0235,0.1787,0.0003,0.0094
0333,50,0.2625,0.02,0.2532,0.0004,0.009
0333,64,0.3165,0.0195,0.307,0.0004,0.0091
0333,100,0.4746,0.0153,0.4656,0.0004,0.0086
0334,16,0.1296,0.0252,0.1203,0.0004,0.0089
0334,25,0.1677,0.0225,0.1554,0.0003,0.012
0334,32,0.1858,0.0189,0.1742,0.0004,0.0113
0334,50,0.2586,0.0162,0.2483,0.0004,0.0099
0334,64,0.3154,0.0179,0.3062,0.0004,0.0087
0334,100,0.4775,0.0162,0.4666,0.0004,0.0105
0344,16,0.1275,0.0221,0.1167,0.0003,0.0104
0344,25,0.1643,0.0202,0.1533,0.0004,0.0106
0344,32,0.1835,0.0186,0.1736,0.0004,0.0096
0344,50,0.2596,0.0153,0.2485,0.0004,0.0107
0344,64,0.3135,0.0149,0.3022,0.0004,0.0109
0344,100,0.4725,0.0129,0.4628,0.0004,0.0093
0444,16,0.127,0.0212,0.1159,0.0003,0.0107
0444,25,0.1619,0.0189,0.1506,0.0003,0.0109
0444,32,0.1829,0.0162,0.1713,0.0004,0.0112
0444,50,0.2542,0.0124,0.2444,0.0004,0.0094
0444,64,0.3102,0.0133,0.2998,0.0004,0.01
0444,100,0.472,0.0119,0.4621,0.0005,0.0095
1111,16,0.0983,0.0038,0.09,0.0004,0.0079
1111,25,0.1313,0.004,0.1263,0.0003,0.0046
1111,32,0.1543,0.0042,0.1505,0.0003,0.0035
1111,50,0.237,0.0054,0.2298,0.0004,0.0069
1111,64,0.2896,0.006,0.2814,0.0003,0.0079
1111,100,0.4543,0.009,0.4451,0.0004,0.0088
1112,16,0.1031,0.0092,0.0967,0.0003,0.0062
1112,25,0.1397,0.0083,0.135,0.0003,0.0044
1112,32,0.1677,0.0069,0.1555,0.0003,0.0118
1112,50,0.2456,0.0087,0.2343,0.0003,0.0109
1112,64,0.2929,0.009,0.2876,0.0003,0.0049
1112,100,0.4622,0.0119,0.4524,0.0004,0.0095
1113,16,0.1101,0.011,0.101,0.0003,0.0088
1113,25,0.1402,0.0084,0.1348,0.0004,0.005
1113,32,0.1608,0.0082,0.1564,0.0003,0.0041
1113,50,0.2425,0.0086,0.235,0.0004,0.0072
1113,64,0.2997,0.0102,0.2891,0.0003,0.0103
1113,100,0.4638,0.0133,0.4539,0.0003,0.0096
1114,16,0.1039,0.0092,0.0992,0.0003,0.0044
1114,25,0.1415,0.0078,0.1364,0.0003,0.0048
1114,32,0.1692,0.0079,0.1586,0.0003,0.0103
1114,50,0.2436,0.0096,0.237,0.0004,0.0062
1114,64,0.2987,0.0117,0.2934,0.0004,0.005
1114,100,0.4692,0.0157,0.4593,0.0004,0.0095
1122,16,0.1089,0.0078,0.1013,0.0003,0.0073
1122,25,0.1401,0.0067,0.1349,0.0003,0.0049
1122,32,0.1618,0.0061,0.1565,0.0003,0.005
1122,50,0.2399,0.0085,0.2355,0.0003,0.0041
1122,64,0.3007,0.0082,0.2902,0.0003,0.0102
1122,100,0.462,0.011,0.4541,0.0004,0.0075
1123,16,0.103,0.008,0.0977,0.0003,0.0049
1123,25,0.143,0.0075,0.1358,0.0004,0.0069
1123,32,0.1624,0.0072,0.1578,0.0003,0.0043
1123,50,0.2404,0.0084,0.2351,0.0003,0.005
1123,64,0.2968,0.009,0.2901,0.0003,0.0063
1123,100,0.4624,0.011,0.4535,0.0004,0.0086
1124,16,0.1105,0.0068,0.0993,0.0003,0.0109
1124,25,0.1452,0.0069,0.1365,0.0003,0.0084
1124,32,0.1685,0.0066,0.16,0.0004,0.0081
1124,50,0.243,0.0087,0.2375,0.0004,0.0051
1124,64,0.3011,0.0099,0.2939,0.0004,0.0068
1124,100,0.4678,0.0142,0.4597,0.0004,0.0077
1133,16,0.1038,0.0096,0.0987,0.0003,0.0048
1133,25,0.1397,0.0081,0.1356,0.0003,0.0038
1133,32,0.165,0.0083,0.1594,0.0004,0.0052
1133,50,0.2413,0.0092,0.2364,0.0003,0.0045
1133,64,0.2998,0.0093,0.2906,0.0004,0.0088
1133,100,0.4661,0.0129,0.4566,0.0004,0.0091
1134,16,0.1053,0.0078,0.0993,0.0004,0.0056
1134,25,0.1435,0.007,0.1369,0.0003,0.0062
1134,32,0.163,0.0075,0.1584,0.0003,0.0043
1134,50,0.2479,0.0097,0.2382,0.0004,0.0093
1134,64,0.3022,0.0115,0.2944,0.0004,0.0074
1134,100,0.4726,0.0161,0.4611,0.0004,0.0111
1144,16,0.1078,0.0085,0.1017,0.0003,0.0058
1144,25,0.1474,0.0066,0.1367,0.0004,0.0103
1144,32,0.1652,0.007,0.1599,0.0004,0.005
1144,50,0.2444,0.0086,0.2377,0.0004,0.0063
1144,64,0.3017,0.0101,0.2933,0.0004,0.008
1144,100,0.4703,0.0147,0.4603,0.0004,0.0095
1222,16,0.107,0.0057,0.0991,0.0003,0.0075
1222,25,0.1411,0.006,0.1364,0.0003,0.0044
1222,32,0.1648,0.0057,0.1577,0.0004,0.0067
1222,50,0.2424,0.0069,0.2347,0.0003,0.0074
1222,64,0.3016,0.0086,0.2919,0.0004,0.0093
1222,100,0.4641,0.0118,0.4563,0.0004,0.0074
1223,16,0.1084,0.0076,0.1005,0.0003,0.0076
1223,25,0.1419,0.0065,0.1367,0.0003,0.0049
1223,32,0.1672,0.0068,0.1586,0.0004,0.0082
1223,50,0.2429,0.0086,0.2371,0.0004,0.0054
1223,64,0.2955,0.0085,0.2908,0.0004,0.0043
1223,100,0.4643,0.0111,0.4551,0.0004,0.0088
1224,16,0.1042,0.0055,0.0994,0.0003,0.0045
1224,25,0.1453,0.0057,0.1361,0.0003,0.0089
1224,32,0.1646,0.0062,0.159,0.0003,0.0053
1224,50,0.2458,0.0084,0.2375,0.0004,0.008
1224,64,0.3052,0.0093,0.2924,0.0004,0.0125
1224,100,0.4742,0.0166,0.4624,0.0004,0.0114
1233,16,0.1078,0.0088,0.1006,0.0003,0.0068
1233,25,0.1413,0.007,0.1362,0.0004,0.0047
1233,32,0.1629,0.0073,0.1579,0.0003,0.0047
1233,50,0.2466,0.009,0.2362,0.0004,0.01
1233,64,0.3023,0.0102,0.2921,0.0004,0.0098
1233,100,0.4712,0.0115,0.4557,0.0004,0.015
1234,16,0.1051,0.007,0.1002,0.0003,0.0046
1234,25,0.143,0.0064,0.1367,0.0003,0.0059
1234,32,0.1644,0.0071,0.1597,0.0004,0.0044
1234,50,0.2432,0.0088,0.2375,0.0004,0.0053
1234,64,0.2993,0.0102,0.2931,0.0004,0.0058
1234,100,0.475,0.0147,0.4604,0.0004,0.0142
1244,16,0.1064,0.0066,0.1007,0.0003,0.0054
1244,25,0.1423,0.006,0.137,0.0003,0.0049
1244,32,0.1634,0.0062,0.1591,0.0003,0.004
1244,50,0.2535,0.0085,0.2381,0.0004,0.0151
1244,64,0.3097,0.0102,0.2944,0.0004,0.0149
1244,100,0.4783,0.0169,0.466,0.0005,0.0119
1333,16,0.1045,0.0087,0.0991,0.0003,0.0051
1333,25,0.1419,0.0075,0.1353,0.0003,0.0063
1333,32,0.1648,0.0069,0.1581,0.0004,0.0064
1333,50,0.2425,0.0091,0.2369,0.0004,0.0053
1333,64,0.3011,0.0085,0.2896,0.0003,0.0112
1333,100,0.4678,0.0109,0.4544,0.0004,0.013
1334,16,0.1042,0.0072,0.0992,0.0003,0.0048
1334,25,0.1423,0.0074,0.1372,0.0003,0.0048
1334,32,0.1643,0.0074,0.1594,0.0003,0.0045
1334,50,0.2444,0.0092,0.238,0.0004,0.006
1334,64,0.3055,0.0105,0.2941,0.0004,0.011
1334,100,0.4736,0.0174,0.4626,0.0004,0.0106
1344,16,0.1065,0.0078,0.101,0.0004,0.0051
1344,25,0.142,0.0061,0.1364,0.0003,0.0052
1344,32,0.167,0.0066,0.1593,0.0004,0.0073
1344,50,0.2481,0.009,0.2387,0.0004,0.009
1344,64,0.3103,0.0103,0.2943,0.0004,0.0155
1344,100,0.4799,0.0166,0.4655,0.0004,0.014
1444,16,0.1059,0.0064,0.1006,0.0003,0.005
1444,25,0.1445,0.0062,0.1385,0.0004,0.0057
1444,32,0.1669,0.0064,0.1599,0.0003,0.0066
1444,50,0.2521,0.0084,0.2381,0.0004,0.0135
1444,64,0.308,0.0097,0.2936,0.0004,0.014
1444,100,0.4752,0.0141,0.4606,0.0004,0.0141
2222,16,0.1065,0.0058,0.1004,0.0003,0.0057
2222,25,0.1428,0.0049,0.136,0.0003,0.0065
2222,32,0.1638,0.0055,0.159,0.0004,0.0044
2222,50,0.2452,0.0068,0.2366,0.0003,0.0083
2222,64,0.3075,0.0074,0.2914,0.0003,0.0158
2222,100,0.4663,0.0114,0.4581,0.0004,0.0078
2223,16,0.1064,0.0062,0.1003,0.0003,0.0057
2223,25,0.1435,0.0073,0.1374,0.0003,0.0059
2223,32,0.1665,0.0064,0.1591,0.0003,0.0071
2223,50,0.2454,0.0076,0.2365,0.0004,0.0085
2223,64,0.3047,0.0083,0.2914,0.0004,0.0129
2223,100,0.4673,0.012,0.457,0.0004,0.0098
2224,16,0.1061,0.0064,0.1014,0.0003,0.0044
2224,25,0.1417,0.0052,0.1367,0.0004,0.0046
2224,32,0.1667,0.0059,0.1594,0.0003,0.007
2224,50,0.2426,0.0084,0.2383,0.0004,0.004
2224,64,0.309,0.0091,0.2943,0.0004,0.0143
2224,100,0.4693,0.0133,0.4614,0.0005,0.0075
2233,16,0.1063,0.0076,0.1006,0.0003,0.0054
2233,25,0.1421,0.0064,0.136,0.0003,0.0058
2233,32,0.1642,0.0072,0.1593,0.0003,0.0046
2233,50,0.2419,0.0081,0.2363,0.0004,0.0052
2233,64,0.3019,0.0092,0.2911,0.0003,0.0105
2233,100,0.4696,0.0136,0.4586,0.0004,0.0106
2234,16,0.1077,0.0074,0.1016,0.0003,0.0057
2234,25,0.1433,0.0068,0.1383,0.0003,0.0047
2234,32,0.1635,0.0059,0.1589,0.0003,0.0043
2234,50,0.2432,0.0085,0.2376,0.0003,0.0052
2234,64,0.3051,0.0114,0.2956,0.0004,0.009
2234,100,0.471,0.0133,0.4597,0.0004,0.0108
2244,16,0.1056,0.0057,0.1004,0.0003,0.0048
2244,25,0.1429,0.0054,0.1368,0.0003,0.0058
2244,32,0.1685,0.0061,0.1609,0.0004,0.0072
2244,50,0.2473,0.0078,0.2379,0.0004,0.009
2244,64,0.3086,0.0104,0.2949,0.0004,0.0133
2244,100,0.4751,0.0139,0.4619,0.0004,0.0128
2333,16,0.105,0.0075,0.0996,0.0003,0.0051
2333,25,0.143,0.0072,0.1367,0.0003,0.006
2333,32,0.1633,0.0077,0.1591,0.0003,0.0039
2333,50,0.2453,0.0091,0.2374,0.0003,0.0076
2333,64,0.3039,0.0109,0.2943,0.0004,0.0092
2333,100,0.4724,0.0157,0.4613,0.0004,0.0108
2334,16,0.1047,0.007,0.0999,0.0003,0.0045
2334,25,0.1418,0.006,0.1359,0.0003,0.0055
2334,32,0.1651,0.0063,0.1581,0.0003,0.0067
2334,50,0.2474,0.0091,0.2378,0.0003,0.0093
2334,64,0.306,0.0094,0.2927,0.0004,0.0129
2334,100,0.4724,0.0146,0.4615,0.0004,0.0104
2344,16,0.1064,0.0066,0.1006,0.0003,0.0055
2344,25,0.1423,0.0058,0.1368,0.0003,0.0051
2344,32,0.1682,0.0065,0.1592,0.0003,0.0087
2344,50,0.245,0.0095,0.239,0.0003,0.0056
2344,64,0.3067,0.0091,0.2927,0.0004,0.0137
2344,100,0.4707,0.0143,0.4609,0.0004,0.0094
2444,16,0.1053,0.0054,0.1001,0.0003,0.0049
2444,25,0.145,0.0062,0.1384,0.0003,0.0063
2444,32,0.165,0.006,0.1596,0.0004,0.0051
2444,50,0.2472,0.0093,0.2392,0.0003,0.0077
2444,64,0.3105,0.0112,0.2958,0.0004,0.0143
2444,100,0.4751,0.0144,0.4618,0.0004,0.0129
3333,16,0.105,0.0086,0.0995,0.0003,0.0051
3333,25,0.143,0.0079,0.1372,0.0003,0.0054
3333,32,0.1659,0.0073,0.1588,0.0004,0.0067
3333,50,0.2466,0.0085,0.2361,0.0003,0.0102
3333,64,0.3076,0.0105,0.2939,0.0003,0.0133
3333,100,0.4721,0.0147,0.4626,0.0004,0.0091
3334,16,0.1056,0.0076,0.1003,0.0003,0.005
3334,25,0.1445,0.0072,0.1375,0.0003,0.0067
3334,32,0.1687,0.0072,0.1594,0.0004,0.0089
3334,50,0.2502,0.0092,0.2382,0.0004,0.0116
3334,64,0.312,0.0105,0.2939,0.0003,0.0178
3334,100,0.4715,0.0134,0.4599,0.0004,0.0112
3344,16,0.1063,0.007,0.1004,0.0003,0.0056
3344,25,0.1412,0.0064,0.1371,0.0003,0.0038
3344,32,0.1654,0.0063,0.1595,0.0003,0.0056
3344,50,0.2498,0.0097,0.2409,0.0004,0.0085
3344,64,0.308,0.0108,0.2951,0.0004,0.0125
3344,100,0.4762,0.0156,0.4631,0.0004,0.0128
3444,16,0.1056,0.0063,0.1003,0.0003,0.005
3444,25,0.1435,0.0063,0.1383,0.0004,0.0049
3444,32,0.1634,0.0064,0.1591,0.0003,0.004
3444,50,0.246,0.0089,0.2394,0.0004,0.0061
3444,64,0.3032,0.0101,0.2947,0.0004,0.0081
3444,100,0.4825,0.0146,0.4626,0.0004,0.0195
4444,16,0.1081,0.0074,0.1021,0.0003,0.0057
4444,25,0.1457,0.0064,0.1387,0.0003,0.0068
4444,32,0.1655,0.0061,0.1596,0.0003,0.0056
4444,50,0.2451,0.0083,0.2388,0.0004,0.0059
4444,64,0.3081,0.0092,0.2956,0.0004,0.0122
4444,100,0.4777,0.0148,0.4649,0.0004,0.0124
