name,time,application,num_replicas,batch_size
bert-0,163.661794,bert,6,192
cifar10-1,314.661811,cifar10,6,4096
bert-2,328.661815,bert,12,384
cifar10-3,752.66187,cifar10,8,2048
deepspeech2-4,1205.66194,deepspeech2,8,640
cifar10-5,1433.661963,cifar10,8,4096
cifar10-6,1444.661991,cifar10,12,4096
cifar10-7,1451.662014,cifar10,6,4096
cifar10-8,1459.662044,cifar10,12,4096
cifar10-9,1468.662073,cifar10,8,4096
cifar10-10,1486.6621289999998,cifar10,4,4096
deepspeech2-11,1498.6621599999999,deepspeech2,6,320
bert-12,1757.662237,bert,16,192
bert-13,1777.662245,bert,6,384
cifar10-14,2321.662318,cifar10,8,2048
cifar10-15,2723.6623640000003,cifar10,6,2048
deepspeech2-16,2829.662376,deepspeech2,6,320
cifar10-17,3063.6624039999997,cifar10,16,2048
cifar10-18,3194.662443,cifar10,6,2048
deepspeech2-19,3489.662474,deepspeech2,12,640
cifar10-20,3541.6624810000003,cifar10,4,2048
cifar10-21,3787.662515,cifar10,10,4096
deepspeech2-22,3995.662554,deepspeech2,8,640
cifar10-23,4051.6625590000003,cifar10,10,2048
cifar10-24,4414.662633,cifar10,10,2048
cifar10-25,4440.662639,cifar10,10,4096
bert-26,4664.662668,bert,16,384
cifar10-27,5190.6627579999995,cifar10,6,4096
bert-28,5230.662773,bert,16,384
deepspeech2-29,5355.662838,deepspeech2,8,320
cifar10-30,5410.66286,cifar10,16,4096
bert-31,5457.662881,bert,12,192
deepspeech2-32,5485.662889,deepspeech2,6,640
cifar10-33,5793.662934,cifar10,16,2048
cifar10-34,5838.662937,cifar10,4,4096
cifar10-35,6026.662955,cifar10,16,4096
cifar10-36,6137.6629840000005,cifar10,8,2048
bert-37,6287.663012,bert,16,384
cifar10-38,6521.663039,cifar10,10,4096
cifar10-39,6569.663046,cifar10,4,2048
cifar10-40,6770.663079999999,cifar10,16,2048
bert-41,7315.663165999999,bert,8,384
yolov3-42,7351.663175,yolov3,4,256
cifar10-43,7575.663209,cifar10,16,4096
cifar10-44,8048.663298,cifar10,10,4096
cifar10-45,8212.663392,cifar10,10,4096
cifar10-46,9426.663586,cifar10,12,4096
yolov3-47,9640.66363,yolov3,4,512
deepspeech2-48,9905.66367,deepspeech2,6,320
cifar10-49,10007.663689,cifar10,4,4096
cifar10-50,10275.663727,cifar10,10,2048
cifar10-51,10326.66374,cifar10,8,4096
cifar10-52,10444.663779999999,cifar10,6,4096
deepspeech2-53,10926.663827,deepspeech2,12,640
deepspeech2-54,11074.663844,deepspeech2,8,640
deepspeech2-55,11088.663862000001,deepspeech2,8,320
bert-56,11120.663869,bert,8,384
bert-57,11159.663894,bert,12,192
cifar10-58,11246.663928,cifar10,16,2048
deepspeech2-59,11524.663977,deepspeech2,8,640
cifar10-60,11537.663986,cifar10,12,4096
bert-61,11572.664004,bert,12,192
deepspeech2-62,11577.664011,deepspeech2,8,640
deepspeech2-63,12577.664104000001,deepspeech2,6,320
cifar10-64,12653.66412,cifar10,6,4096
cifar10-65,12916.664156,cifar10,4,2048
cifar10-66,13312.664204,cifar10,12,2048
cifar10-67,13863.664284,cifar10,16,2048
cifar10-68,13923.66429,cifar10,12,2048
cifar10-69,14186.664333,cifar10,12,2048
cifar10-70,14368.664379,cifar10,8,4096
bert-71,14536.664402,bert,12,384
bert-72,14664.664428999999,bert,16,192
deepspeech2-73,14950.664487,deepspeech2,8,320
bert-74,14976.664491999998,bert,8,192
bert-75,15474.664552,bert,8,384
bert-76,15683.664586,bert,8,384
cifar10-77,15841.664616999999,cifar10,6,2048
bert-78,15989.664643,bert,16,384
bert-79,16263.664694,bert,12,192
deepspeech2-80,16352.664716999998,deepspeech2,12,320
deepspeech2-81,16354.664718,deepspeech2,12,640
deepspeech2-82,16558.664765,deepspeech2,6,320
bert-83,16681.664784,bert,16,384
bert-84,16750.664809,bert,8,384
cifar10-85,16795.664826,cifar10,16,4096
cifar10-86,16863.664848,cifar10,6,4096
deepspeech2-87,16931.664876,deepspeech2,8,640
bert-88,16955.664885,bert,12,384
bert-89,17000.664894,bert,16,192
deepspeech2-90,17050.664898,deepspeech2,12,640
bert-91,17140.664913,bert,8,384
bert-92,17157.664919,bert,16,192
cifar10-93,17401.664966999997,cifar10,6,2048
bert-94,17427.664976,bert,6,384
cifar10-95,17442.664981,cifar10,8,2048
deepspeech2-96,17591.665019,deepspeech2,6,320
bert-97,17664.665034999998,bert,6,384
bert-98,17719.665041,bert,6,384
bert-99,17785.665063,bert,6,192
cifar10-100,18002.665094,cifar10,4,4096
deepspeech2-101,18034.665101,deepspeech2,8,320
cifar10-102,18035.665104,cifar10,16,2048
cifar10-103,18102.665119999998,cifar10,4,4096
bert-104,18274.665155000002,bert,16,192
cifar10-105,18433.665196,cifar10,8,2048
cifar10-106,18463.665258,cifar10,16,2048
deepspeech2-107,18639.665334,deepspeech2,8,640
cifar10-108,18672.665344999998,cifar10,4,4096
cifar10-109,18834.665380000002,cifar10,12,2048
cifar10-110,19932.665627000002,cifar10,6,4096
bert-111,19958.665634,bert,6,192
cifar10-112,19971.665655,cifar10,8,2048
cifar10-113,19971.665655,cifar10,16,2048
cifar10-114,20239.665766,cifar10,12,2048
cifar10-115,20260.665788,cifar10,4,2048
cifar10-116,20420.665825,cifar10,10,4096
cifar10-117,20770.665963,cifar10,12,2048
cifar10-118,20812.665978,cifar10,8,4096
cifar10-119,21069.666095,cifar10,6,2048
cifar10-120,21127.666105,cifar10,12,4096
cifar10-121,21256.666134,cifar10,6,4096
cifar10-122,21324.666176,cifar10,10,4096
cifar10-123,21340.666191999997,cifar10,4,4096
cifar10-124,21349.666203,cifar10,12,4096
cifar10-125,21356.666205,cifar10,6,2048
deepspeech2-126,21463.666234,deepspeech2,8,640
yolov3-127,21632.666265,yolov3,4,512
cifar10-128,21663.666275,cifar10,12,4096
cifar10-129,21749.666302,cifar10,10,4096
cifar10-130,21889.666332,cifar10,10,2048
deepspeech2-131,22025.666362,deepspeech2,8,640
cifar10-132,22054.666372,cifar10,12,4096
cifar10-133,22065.666384,cifar10,12,2048
cifar10-134,22101.666404,cifar10,6,2048
cifar10-135,22116.666406,cifar10,6,4096
cifar10-136,22322.666502,cifar10,8,2048
cifar10-137,22530.666588,cifar10,12,2048
bert-138,22883.666671,bert,16,192
cifar10-139,22884.666672,cifar10,16,2048
bert-140,23009.666705,bert,12,384
bert-141,23035.666711,bert,6,384
bert-142,23150.666731999998,bert,12,192
bert-143,23762.666883,bert,6,192
cifar10-144,23787.666891,cifar10,16,4096
cifar10-145,23839.6669,cifar10,6,2048
cifar10-146,24058.666948,cifar10,6,4096
deepspeech2-147,24226.666984,deepspeech2,6,640
cifar10-148,24252.666995,cifar10,6,4096
deepspeech2-149,24343.667022,deepspeech2,8,640
cifar10-150,24371.667031,cifar10,16,2048
cifar10-151,24377.667035,cifar10,10,2048
cifar10-152,24379.667038,cifar10,8,2048
cifar10-153,24438.667061,cifar10,8,4096
cifar10-154,24467.667067,cifar10,12,2048
cifar10-155,24473.667068000002,cifar10,8,4096
cifar10-156,24478.667069,cifar10,16,4096
cifar10-157,24521.667088,cifar10,4,4096
cifar10-158,24656.667127,cifar10,10,2048
cifar10-159,24866.667183,cifar10,12,4096
cifar10-160,24876.667198,cifar10,4,2048
bert-161,24955.667222,bert,12,192
bert-162,25001.667235,bert,8,384
cifar10-163,25095.667255,cifar10,12,2048
cifar10-164,25160.667266999997,cifar10,12,4096
cifar10-165,25237.667293000002,cifar10,6,4096
cifar10-166,25294.667311,cifar10,8,2048
bert-167,25778.66749,bert,8,192
cifar10-168,25793.667513999997,cifar10,6,4096
cifar10-169,25853.667569,cifar10,4,2048
cifar10-170,26209.667632,cifar10,16,4096
cifar10-171,26242.667646,cifar10,8,2048
cifar10-172,26291.667665,cifar10,12,4096
cifar10-173,26293.667666,cifar10,10,2048
cifar10-174,26297.667678,cifar10,12,4096
bert-175,26393.667717,bert,8,192
bert-176,26414.667722,bert,16,384
cifar10-177,26446.667731,cifar10,6,2048
bert-178,26488.667737,bert,6,192
cifar10-179,26614.667806,cifar10,8,2048
bert-180,26791.667893,bert,6,384
cifar10-181,26882.667904,cifar10,12,2048
bert-182,26948.667914999998,bert,8,384
deepspeech2-183,26949.667916000002,deepspeech2,6,320
bert-184,26989.667926,bert,16,384
cifar10-185,26990.667933999997,cifar10,6,2048
cifar10-186,26991.667935,cifar10,6,2048
cifar10-187,27004.667945999998,cifar10,8,2048
cifar10-188,27008.66795,cifar10,8,2048
cifar10-189,27093.668007,cifar10,12,2048
cifar10-190,27096.66801,cifar10,16,4096
cifar10-191,27107.668020999998,cifar10,10,2048
cifar10-192,27180.668049,cifar10,12,2048
yolov3-193,27225.668097,yolov3,4,512
cifar10-194,27285.668122000003,cifar10,10,2048
cifar10-195,27313.668148,cifar10,12,2048
bert-196,27363.668202999997,bert,16,192
cifar10-197,27365.668206,cifar10,8,4096
bert-198,27525.668233999997,bert,8,192
deepspeech2-199,27533.668236,deepspeech2,12,320
cifar10-200,27673.668264999997,cifar10,12,4096
cifar10-201,27904.668323,cifar10,4,2048
cifar10-202,28054.668355,cifar10,8,4096
deepspeech2-203,28187.668382999997,deepspeech2,6,320
cifar10-204,28440.668424,cifar10,10,2048
bert-205,28546.668512,bert,16,384
cifar10-206,28561.668528,cifar10,16,4096
cifar10-207,28579.668548,cifar10,6,2048
deepspeech2-208,28604.668579,deepspeech2,8,320
cifar10-209,28630.668608999997,cifar10,10,2048
cifar10-210,28639.668614,cifar10,10,4096
deepspeech2-211,28646.66862,deepspeech2,6,640
cifar10-212,28672.668646,cifar10,6,2048
deepspeech2-213,29089.668867,deepspeech2,6,320
cifar10-214,29492.668944,cifar10,8,2048
cifar10-215,29508.668948000002,cifar10,12,2048
deepspeech2-216,29533.668951999996,deepspeech2,6,320
bert-217,29535.668958,bert,16,384
bert-218,29556.669002,bert,16,192
deepspeech2-219,29593.669063,deepspeech2,6,640
cifar10-220,29758.669102,cifar10,8,2048
bert-221,29924.669138,bert,8,192
cifar10-222,29945.669143,cifar10,4,2048
deepspeech2-223,29966.669149,deepspeech2,6,640
cifar10-224,30311.669213999998,cifar10,10,4096
deepspeech2-225,30334.669216000002,deepspeech2,12,640
deepspeech2-226,30362.669225999998,deepspeech2,6,320
bert-227,30433.669248000002,bert,6,192
cifar10-228,30493.669252999996,cifar10,12,4096
deepspeech2-229,30543.669264999997,deepspeech2,12,640
cifar10-230,30552.669268999998,cifar10,12,4096
deepspeech2-231,30693.669295,deepspeech2,8,640
bert-232,30857.669326,bert,12,192
yolov3-233,31182.669374,yolov3,4,256
bert-234,31241.669389,bert,12,192
cifar10-235,31244.669394999997,cifar10,4,4096
cifar10-236,31263.669399000002,cifar10,6,4096
cifar10-237,31597.669463,cifar10,12,2048
cifar10-238,31986.669529000003,cifar10,12,4096
bert-239,32169.669551,bert,6,192
imagenet-240,32288.669571,imagenet,12,6400
bert-241,32515.669638,bert,12,384
cifar10-242,32653.669661,cifar10,8,2048
deepspeech2-243,32745.66967,deepspeech2,6,640
cifar10-244,33093.669729,cifar10,8,4096
bert-245,33286.669772,bert,12,384
cifar10-246,33396.669798,cifar10,8,4096
cifar10-247,33564.669841,cifar10,10,2048
cifar10-248,33576.669847000005,cifar10,12,2048
cifar10-249,33804.669886,cifar10,4,2048
cifar10-250,33999.669929,cifar10,6,4096
cifar10-251,34134.669955,cifar10,12,4096
cifar10-252,34214.669972,cifar10,10,4096
cifar10-253,34395.670011,cifar10,16,2048
cifar10-254,34440.670060000004,cifar10,4,4096
cifar10-255,34488.67007,cifar10,8,4096
cifar10-256,34685.670112,cifar10,12,4096
cifar10-257,34747.670119,cifar10,6,4096
deepspeech2-258,34780.670124000004,deepspeech2,6,320
bert-259,34847.670139,bert,12,192
cifar10-260,35164.670217,cifar10,6,4096
cifar10-261,35634.670304,cifar10,8,4096
cifar10-262,36053.670398,cifar10,12,2048
cifar10-263,36105.670431,cifar10,6,2048
cifar10-264,36181.670464999996,cifar10,12,2048
cifar10-265,36207.670479,cifar10,12,4096
cifar10-266,36357.67051,cifar10,6,4096
cifar10-267,36379.670533,cifar10,10,2048
cifar10-268,36452.670583,cifar10,6,4096
cifar10-269,36456.670592,cifar10,16,4096
cifar10-270,36474.670628,cifar10,12,4096
cifar10-271,36476.670629,cifar10,6,4096
deepspeech2-272,36883.670751,deepspeech2,8,640
cifar10-273,36899.670752,cifar10,12,2048
deepspeech2-274,36920.670754,deepspeech2,8,320
cifar10-275,37037.670786,cifar10,6,2048
bert-276,37071.670793,bert,16,384
deepspeech2-277,37356.670849,deepspeech2,8,320
cifar10-278,37838.670904,cifar10,4,4096
cifar10-279,37852.670917,cifar10,6,2048
cifar10-280,37875.670938,cifar10,12,4096
cifar10-281,37878.670939999996,cifar10,12,4096
cifar10-282,37882.670942000004,cifar10,6,2048
cifar10-283,38039.670973,cifar10,12,2048
cifar10-284,38118.670998,cifar10,6,2048
cifar10-285,38160.671005000004,cifar10,10,4096
bert-286,38444.671059,bert,16,192
cifar10-287,38639.67111,cifar10,12,2048
cifar10-288,38989.671169,cifar10,8,4096
cifar10-289,39019.671179000004,cifar10,6,4096
cifar10-290,39186.6713,cifar10,8,4096
cifar10-291,39195.671307,cifar10,12,4096
cifar10-292,39733.671457,cifar10,8,2048
cifar10-293,39981.6715,cifar10,8,4096
bert-294,40025.671508,bert,6,192
cifar10-295,40173.671529,cifar10,6,2048
cifar10-296,40318.671555,cifar10,10,2048
cifar10-297,40360.671562,cifar10,8,2048
cifar10-298,40600.671683,cifar10,16,4096
bert-299,40600.671684,bert,12,384
deepspeech2-300,40620.671707,deepspeech2,12,640
cifar10-301,40670.671764,cifar10,12,2048
yolov3-302,40933.671812,yolov3,4,512
bert-303,40987.671823000004,bert,8,192
deepspeech2-304,41094.671833,deepspeech2,6,320
cifar10-305,41343.671877,cifar10,12,4096
cifar10-306,41670.671939,cifar10,12,4096
cifar10-307,42423.672108,cifar10,12,4096
cifar10-308,42468.672127,cifar10,12,4096
cifar10-309,42625.672158,cifar10,4,4096
cifar10-310,42740.672188,cifar10,8,4096
bert-311,42859.672207999996,bert,8,192
cifar10-312,43234.672329,cifar10,6,2048
cifar10-313,43248.67234,cifar10,10,4096
cifar10-314,43283.672376,cifar10,12,4096
cifar10-315,43284.672376999995,cifar10,12,4096
cifar10-316,43354.672441,cifar10,6,4096
cifar10-317,43376.672464999996,cifar10,12,4096
cifar10-318,43430.672517,cifar10,6,4096
cifar10-319,43436.672523,cifar10,8,4096
cifar10-320,43443.672527999996,cifar10,12,4096
deepspeech2-321,43453.67254,deepspeech2,8,640
cifar10-322,43534.672570999996,cifar10,12,4096
cifar10-323,43839.672583,cifar10,6,2048
cifar10-324,46446.672664,cifar10,10,2048
cifar10-325,46868.672676999995,cifar10,4,2048
cifar10-326,47346.672696,cifar10,10,2048
cifar10-327,47361.672707,cifar10,6,4096
cifar10-328,47364.672709,cifar10,8,4096
cifar10-329,47468.672753,cifar10,12,4096
cifar10-330,47487.67277,cifar10,12,2048
cifar10-331,47510.672793,cifar10,8,4096
cifar10-332,47617.672839,cifar10,12,4096
cifar10-333,47629.67285,cifar10,6,4096
cifar10-334,47820.672921,cifar10,6,4096
cifar10-335,47966.672964,cifar10,12,4096
cifar10-336,47975.672971,cifar10,10,4096
bert-337,48150.673020999995,bert,6,384
deepspeech2-338,48429.673033,deepspeech2,6,320
bert-339,48430.673034,bert,16,192
bert-340,48954.673081,bert,8,192
cifar10-341,49695.673143,cifar10,10,2048
cifar10-342,49794.673146,cifar10,12,4096
cifar10-343,49795.673150999995,cifar10,6,4096
cifar10-344,49800.673159,cifar10,6,2048
yolov3-345,49822.673184,yolov3,4,512
imagenet-346,51109.673249,imagenet,12,6400
cifar10-347,51442.67328,cifar10,10,2048
cifar10-348,51445.67328,cifar10,6,4096
yolov3-349,51493.673294,yolov3,4,256
yolov3-350,51495.673296,yolov3,4,512
bert-351,52142.673341,bert,16,192
bert-352,52145.673347,bert,6,384
deepspeech2-353,52274.673383,deepspeech2,12,320
bert-354,52274.673383999994,bert,8,192
cifar10-355,52708.673465,cifar10,8,2048
cifar10-356,52870.673528,cifar10,6,2048
cifar10-357,52870.673529,cifar10,8,4096
bert-358,52902.673539999996,bert,16,384
cifar10-359,52910.673551,cifar10,6,4096
bert-360,52918.67356,bert,8,192
cifar10-361,52985.673569,cifar10,4,4096
cifar10-362,53534.673651,cifar10,12,2048
cifar10-363,54020.673688999996,cifar10,12,4096
cifar10-364,54225.673801,cifar10,8,2048
yolov3-365,54708.673811,yolov3,4,256
cifar10-366,54770.673814,cifar10,6,2048
cifar10-367,54780.673828,cifar10,8,2048
cifar10-368,54996.673932000005,cifar10,12,4096
cifar10-369,55004.673939,cifar10,12,4096
cifar10-370,55029.673972000004,cifar10,8,4096
cifar10-371,55034.673974,cifar10,12,2048
cifar10-372,55038.673979,cifar10,8,4096
cifar10-373,55069.67400700001,cifar10,10,2048
cifar10-374,55140.674064,cifar10,12,2048
cifar10-375,55164.674087,cifar10,8,4096
cifar10-376,55177.674099,cifar10,8,4096
cifar10-377,55181.674105,cifar10,16,4096
cifar10-378,55202.674122000004,cifar10,4,2048
cifar10-379,55221.674151,cifar10,6,4096
cifar10-380,55240.674168,cifar10,6,4096
cifar10-381,55250.674176,cifar10,12,2048
cifar10-382,55787.674231,cifar10,6,4096
cifar10-383,55800.67425,cifar10,12,2048
bert-384,56770.674332,bert,16,384
yolov3-385,58071.674396,yolov3,4,512
deepspeech2-386,58118.674411,deepspeech2,6,320
imagenet-387,59421.674486,imagenet,10,6400
yolov3-388,59911.674509000004,yolov3,4,512
bert-389,60560.674567999995,bert,8,384
bert-390,60631.674579,bert,12,192
bert-391,61059.674647,bert,8,384
cifar10-392,62389.674696,cifar10,12,4096
deepspeech2-393,62520.674703,deepspeech2,8,640
cifar10-394,62740.674714,cifar10,4,4096
yolov3-395,62973.67473200001,yolov3,4,512
cifar10-396,63127.674753,cifar10,12,4096
cifar10-397,63168.674792,cifar10,8,2048
cifar10-398,64008.674848,cifar10,12,2048
cifar10-399,64126.674854,cifar10,8,4096
deepspeech2-400,64322.674872,deepspeech2,8,320
cifar10-401,64338.674889999995,cifar10,4,4096
bert-402,64493.674915999996,bert,16,192
cifar10-403,64895.674955999995,cifar10,6,2048
cifar10-404,64906.674958,cifar10,4,4096
deepspeech2-405,65326.675007000005,deepspeech2,6,640
bert-406,65546.675069,bert,16,384
cifar10-407,65593.675075,cifar10,4,4096
cifar10-408,65627.675116,cifar10,12,4096
bert-409,65702.675131,bert,6,192
deepspeech2-410,65732.67517,deepspeech2,8,640
deepspeech2-411,65850.67527200001,deepspeech2,6,640
deepspeech2-412,66087.675347,deepspeech2,12,640
deepspeech2-413,66094.67535199999,deepspeech2,12,320
deepspeech2-414,66110.67536699999,deepspeech2,12,320
deepspeech2-415,66256.67540800001,deepspeech2,8,640
deepspeech2-416,66259.675411,deepspeech2,6,640
cifar10-417,66263.67541499999,cifar10,12,2048
deepspeech2-418,66486.67556599999,deepspeech2,6,640
deepspeech2-419,66618.67562000001,deepspeech2,6,640
cifar10-420,66673.67569,cifar10,4,4096
cifar10-421,66689.67570800001,cifar10,16,2048
cifar10-422,66706.675724,cifar10,8,2048
bert-423,66844.675788,bert,8,192
deepspeech2-424,66987.675839,deepspeech2,12,640
bert-425,67003.675852,bert,8,192
bert-426,67014.675862,bert,16,192
deepspeech2-427,67016.675863,deepspeech2,8,320
deepspeech2-428,67060.675905,deepspeech2,12,320
bert-429,67060.67590599999,bert,6,192
cifar10-430,67247.675921,cifar10,12,2048
cifar10-431,67299.67592200001,cifar10,10,4096
cifar10-432,68971.675991,cifar10,4,4096
deepspeech2-433,69130.676029,deepspeech2,6,640
deepspeech2-434,69436.676077,deepspeech2,12,320
deepspeech2-435,69787.67610499999,deepspeech2,12,320
cifar10-436,69805.676109,cifar10,6,4096
bert-437,70001.676138,bert,16,384
cifar10-438,70498.676169,cifar10,16,4096
cifar10-439,70609.676176,cifar10,8,2048
cifar10-440,71249.67620700001,cifar10,6,4096
cifar10-441,71725.67621399999,cifar10,8,2048
yolov3-442,73293.676258,yolov3,4,512
yolov3-443,73329.676288,yolov3,4,256
yolov3-444,73339.676297,yolov3,4,512
yolov3-445,73412.676368,yolov3,4,512
imagenet-446,73581.676397,imagenet,10,12800
yolov3-447,73694.676433,yolov3,4,256
yolov3-448,73726.676462,yolov3,4,512
yolov3-449,74137.67653,yolov3,4,256
cifar10-450,74182.67653099999,cifar10,12,2048
cifar10-451,74737.67655599999,cifar10,8,4096
cifar10-452,75187.676588,cifar10,16,2048
cifar10-453,75701.676626,cifar10,8,4096
cifar10-454,76230.676652,cifar10,6,2048
deepspeech2-455,76559.676668,deepspeech2,8,320
deepspeech2-456,76584.67667,deepspeech2,12,640
bert-457,77142.676767,bert,16,192
deepspeech2-458,77149.67678,deepspeech2,12,320
deepspeech2-459,77209.67679,deepspeech2,6,320
deepspeech2-460,77315.676808,deepspeech2,12,320
bert-461,77423.67684700001,bert,6,192
bert-462,77558.67689500001,bert,16,192
bert-463,77728.67694800001,bert,16,192
deepspeech2-464,77899.676992,deepspeech2,8,320
deepspeech2-465,78112.677008,deepspeech2,6,320
bert-466,78130.677014,bert,8,384
cifar10-467,78147.677015,cifar10,12,2048
bert-468,78468.67705299999,bert,16,384
cifar10-469,78686.67707599999,cifar10,6,4096
deepspeech2-470,78742.677094,deepspeech2,6,320
deepspeech2-471,78777.67709900001,deepspeech2,6,640
bert-472,79120.677188,bert,8,384
deepspeech2-473,79131.677193,deepspeech2,8,640
bert-474,79236.677214,bert,12,192
deepspeech2-475,79569.67728999999,deepspeech2,8,320
cifar10-476,79704.677311,cifar10,16,4096
bert-477,79976.677379,bert,12,384
deepspeech2-478,79999.677385,deepspeech2,8,640
bert-479,80163.677427,bert,12,384
cifar10-480,80235.677442,cifar10,8,2048
cifar10-481,80532.677514,cifar10,8,4096
cifar10-482,80584.677526,cifar10,8,2048
cifar10-483,80588.677554,cifar10,8,4096
cifar10-484,80688.677589,cifar10,8,2048
cifar10-485,81243.677696,cifar10,12,2048
cifar10-486,81517.67775,cifar10,12,2048
yolov3-487,82230.677879,yolov3,4,256
cifar10-488,82464.677901,cifar10,6,4096
deepspeech2-489,83353.67805599999,deepspeech2,8,640
deepspeech2-490,84873.678171,deepspeech2,6,640
bert-491,84927.678185,bert,16,384
bert-492,84989.678203,bert,12,384
deepspeech2-493,85017.678208,deepspeech2,8,320
deepspeech2-494,85377.678273,deepspeech2,12,640
bert-495,85464.678291,bert,12,192
deepspeech2-496,85603.678352,deepspeech2,8,640
cifar10-497,85612.678355,cifar10,12,2048
cifar10-498,85635.67836399999,cifar10,12,4096
deepspeech2-499,85807.678428,deepspeech2,12,320
deepspeech2-500,86079.678531,deepspeech2,6,640
bert-501,86086.678534,bert,16,384
bert-502,86122.67855299999,bert,6,192
cifar10-503,86160.678583,cifar10,12,2048
deepspeech2-504,86335.678686,deepspeech2,12,320
cifar10-505,86361.678708,cifar10,8,4096
deepspeech2-506,86503.678786,deepspeech2,12,640
bert-507,86563.678831,bert,12,384
deepspeech2-508,86578.678847,deepspeech2,8,320
bert-509,86584.678854,bert,16,192
deepspeech2-510,86598.67887100001,deepspeech2,8,640
bert-511,86645.678915,bert,16,192
deepspeech2-512,86723.678973,deepspeech2,12,320
deepspeech2-513,86769.679017,deepspeech2,6,640
deepspeech2-514,86782.679025,deepspeech2,12,320
bert-515,86821.679056,bert,12,192
bert-516,86851.679079,bert,16,192
bert-517,86890.67911699999,bert,6,384
deepspeech2-518,86902.679127,deepspeech2,12,320
bert-519,86904.67912999999,bert,6,384
deepspeech2-520,86927.679148,deepspeech2,6,320
deepspeech2-521,86938.679157,deepspeech2,6,640
deepspeech2-522,86938.679159,deepspeech2,6,320
bert-523,86940.679162,bert,12,384
yolov3-524,86943.679163,yolov3,4,512
deepspeech2-525,86949.679172,deepspeech2,8,320
bert-526,86972.679195,bert,12,192
cifar10-527,87111.679258,cifar10,16,4096
cifar10-528,87117.679263,cifar10,4,2048
cifar10-529,87131.67926599999,cifar10,12,4096
imagenet-530,87243.67930599999,imagenet,10,6400
cifar10-531,87427.679346,cifar10,6,4096
cifar10-532,87472.679361,cifar10,8,2048
cifar10-533,87493.679373,cifar10,8,2048
deepspeech2-534,87510.679381,deepspeech2,8,320
cifar10-535,87567.67940499999,cifar10,8,2048
cifar10-536,87739.67946900001,cifar10,6,4096
cifar10-537,87744.679472,cifar10,12,4096
cifar10-538,87977.679536,cifar10,8,2048
cifar10-539,88030.679546,cifar10,6,4096
cifar10-540,88094.679565,cifar10,6,2048
cifar10-541,88160.679583,cifar10,16,4096
cifar10-542,88182.679591,cifar10,8,4096
imagenet-543,88332.679657,imagenet,14,6400
deepspeech2-544,88361.679676,deepspeech2,6,640
cifar10-545,88402.679702,cifar10,8,2048
cifar10-546,88425.67971499999,cifar10,6,2048
cifar10-547,88450.679725,cifar10,16,2048
deepspeech2-548,88452.679729,deepspeech2,6,320
cifar10-549,88523.679751,cifar10,8,2048
cifar10-550,88643.6798,cifar10,10,4096
cifar10-551,88907.679885,cifar10,8,4096
cifar10-552,88980.679899,cifar10,16,2048
cifar10-553,89018.679914,cifar10,10,2048
bert-554,89151.679964,bert,8,192
bert-555,89155.679966,bert,16,192
cifar10-556,89297.680011,cifar10,10,4096
bert-557,89398.680062,bert,16,384
deepspeech2-558,89444.680077,deepspeech2,12,320
cifar10-559,89550.680122,cifar10,16,2048
bert-560,89660.680149,bert,16,384
bert-561,89897.680185,bert,8,192
cifar10-562,89988.68021,cifar10,4,4096
bert-563,90069.68022200001,bert,8,384
cifar10-564,90449.680265,cifar10,8,4096
deepspeech2-565,90455.68026699999,deepspeech2,8,640
deepspeech2-566,90667.680278,deepspeech2,8,640
cifar10-567,90675.680282,cifar10,4,4096
deepspeech2-568,90747.680297,deepspeech2,12,640
deepspeech2-569,91017.68032999999,deepspeech2,12,640
cifar10-570,91019.680331,cifar10,6,4096
bert-571,91269.680392,bert,6,384
bert-572,91307.680407,bert,16,384
yolov3-573,91331.680416,yolov3,4,256
bert-574,91523.680449,bert,8,192
deepspeech2-575,91911.68049299999,deepspeech2,8,640
yolov3-576,92036.680512,yolov3,4,512
yolov3-577,92075.680521,yolov3,4,512
yolov3-578,92106.68053099999,yolov3,4,512
deepspeech2-579,92136.680533,deepspeech2,6,320
cifar10-580,92271.680541,cifar10,12,2048
deepspeech2-581,92649.680588,deepspeech2,12,640
bert-582,93025.680654,bert,6,192
bert-583,93027.680657,bert,16,192
cifar10-584,93087.68069600001,cifar10,8,4096
deepspeech2-585,93285.680754,deepspeech2,8,320
cifar10-586,93462.68080700001,cifar10,10,4096
deepspeech2-587,93464.68081399999,deepspeech2,8,320
cifar10-588,93465.680815,cifar10,12,4096
cifar10-589,93635.680862,cifar10,8,2048
bert-590,93776.68087699999,bert,6,192
bert-591,93786.68089,bert,12,384
deepspeech2-592,93895.680912,deepspeech2,6,320
cifar10-593,94223.680944,cifar10,8,2048
deepspeech2-594,94350.680959,deepspeech2,12,320
cifar10-595,95601.681007,cifar10,8,2048
cifar10-596,95903.681067,cifar10,10,2048
bert-597,96340.681101,bert,12,384
bert-598,96353.681103,bert,8,192
bert-599,96649.681123,bert,16,384
cifar10-600,96972.681161,cifar10,6,2048
cifar10-601,97148.68118099999,cifar10,8,2048
cifar10-602,98295.68124800001,cifar10,12,4096
yolov3-603,99297.681307,yolov3,4,512
cifar10-604,100258.681361,cifar10,8,4096
bert-605,100488.681386,bert,8,384
yolov3-606,100496.681395,yolov3,4,256
deepspeech2-607,102390.681546,deepspeech2,6,320
cifar10-608,102837.681583,cifar10,16,4096
yolov3-609,102994.681589,yolov3,4,256
cifar10-610,103796.681685,cifar10,4,4096
cifar10-611,103879.68169299999,cifar10,8,4096
imagenet-612,104029.681705,imagenet,12,12800
bert-613,104457.681744,bert,12,384
imagenet-614,104541.681757,imagenet,14,6400
deepspeech2-615,104749.681775,deepspeech2,8,320
bert-616,104767.681783,bert,6,384
cifar10-617,105180.681834,cifar10,8,2048
deepspeech2-618,105335.681872,deepspeech2,12,320
cifar10-619,105672.681949,cifar10,6,4096
cifar10-620,105729.681995,cifar10,12,4096
cifar10-621,105730.681998,cifar10,12,4096
cifar10-622,106194.682082,cifar10,16,2048
cifar10-623,106603.68225700001,cifar10,12,2048
cifar10-624,106607.68226,cifar10,12,2048
cifar10-625,106649.68229900001,cifar10,12,4096
cifar10-626,106725.68232200001,cifar10,6,4096
cifar10-627,106726.682324,cifar10,6,2048
cifar10-628,106734.68233,cifar10,12,4096
cifar10-629,106802.682351,cifar10,12,2048
cifar10-630,106814.682353,cifar10,6,2048
deepspeech2-631,107606.68245699999,deepspeech2,6,320
cifar10-632,107651.68246199998,cifar10,8,4096
deepspeech2-633,107826.682483,deepspeech2,6,640
cifar10-634,107965.68251500001,cifar10,8,2048
deepspeech2-635,108434.682616,deepspeech2,8,640
bert-636,108821.68267899999,bert,16,192
yolov3-637,109005.682699,yolov3,4,512
bert-638,109079.68271400001,bert,6,192
cifar10-639,109144.682733,cifar10,10,2048
cifar10-640,109182.68276800001,cifar10,6,4096
cifar10-641,109185.68277,cifar10,4,2048
cifar10-642,109198.682783,cifar10,8,2048
cifar10-643,109202.68278900001,cifar10,12,2048
cifar10-644,109400.68283699999,cifar10,8,2048
cifar10-645,109435.68286700001,cifar10,16,2048
cifar10-646,109437.682868,cifar10,6,4096
cifar10-647,109439.682871,cifar10,4,4096
cifar10-648,109546.68291199999,cifar10,8,4096
cifar10-649,109552.682918,cifar10,16,4096
cifar10-650,109573.682934,cifar10,10,4096
cifar10-651,109659.682974,cifar10,6,4096
cifar10-652,109661.682978,cifar10,16,4096
cifar10-653,109696.68301099999,cifar10,4,4096
cifar10-654,109702.68301600001,cifar10,6,2048
cifar10-655,110431.68311600001,cifar10,16,2048
cifar10-656,110687.68314200001,cifar10,6,2048
bert-657,111062.683168,bert,16,192
cifar10-658,111109.683176,cifar10,10,4096
deepspeech2-659,111230.68319000001,deepspeech2,8,640
deepspeech2-660,111960.68332699999,deepspeech2,6,640
cifar10-661,112108.683371,cifar10,16,4096
yolov3-662,112223.68339800001,yolov3,4,256
cifar10-663,112436.68346700001,cifar10,12,4096
cifar10-664,112469.6835,cifar10,10,2048
deepspeech2-665,112485.68351700001,deepspeech2,12,320
cifar10-666,112496.683527,cifar10,8,4096
bert-667,112497.683528,bert,16,384
cifar10-668,112529.68357000001,cifar10,12,4096
cifar10-669,112547.68358499999,cifar10,6,2048
cifar10-670,112613.683662,cifar10,12,4096
cifar10-671,112625.683675,cifar10,12,4096
cifar10-672,112635.68368599999,cifar10,10,4096
cifar10-673,112658.683718,cifar10,6,2048
cifar10-674,112659.68372,cifar10,6,4096
cifar10-675,112660.68372100001,cifar10,12,4096
bert-676,113079.683776,bert,12,384
bert-677,113513.683811,bert,8,384
deepspeech2-678,113518.683827,deepspeech2,8,640
bert-679,113745.68388099999,bert,12,192
yolov3-680,114172.683978,yolov3,4,256
cifar10-681,114212.683981,cifar10,12,4096
imagenet-682,114410.684001,imagenet,14,6400
cifar10-683,115133.684099,cifar10,6,2048
deepspeech2-684,115190.684107,deepspeech2,6,320
cifar10-685,115426.68413699999,cifar10,16,4096
cifar10-686,116048.68418,cifar10,4,2048
cifar10-687,116143.684189,cifar10,8,4096
cifar10-688,116621.68426300002,cifar10,10,2048
cifar10-689,116636.684283,cifar10,12,4096
cifar10-690,116765.68435999998,cifar10,12,2048
bert-691,116771.68436500001,bert,16,384
cifar10-692,116803.684395,cifar10,8,4096
cifar10-693,116828.68442,cifar10,16,2048
cifar10-694,116899.684473,cifar10,8,4096
deepspeech2-695,116919.684475,deepspeech2,6,320
yolov3-696,116995.68448099999,yolov3,4,256
cifar10-697,117062.68454000002,cifar10,16,2048
cifar10-698,117098.68455899999,cifar10,6,4096
cifar10-699,117511.684599,cifar10,8,2048
bert-700,117560.684602,bert,12,384
bert-701,118318.684686,bert,8,192
bert-702,118391.684722,bert,8,384
cifar10-703,118484.68474900001,cifar10,10,4096
yolov3-704,118525.68479000001,yolov3,4,256
cifar10-705,118572.68484000002,cifar10,6,4096
cifar10-706,118690.684873,cifar10,6,4096
cifar10-707,118702.684898,cifar10,4,2048
cifar10-708,118705.68490699999,cifar10,8,4096
cifar10-709,118705.68491,cifar10,12,4096
cifar10-710,118767.684954,cifar10,6,4096
cifar10-711,118808.684998,cifar10,12,4096
cifar10-712,118831.685023,cifar10,6,4096
cifar10-713,118932.68504200001,cifar10,6,2048
cifar10-714,118944.685046,cifar10,4,2048
bert-715,119573.685137,bert,8,384
cifar10-716,119726.685176,cifar10,12,4096
bert-717,119774.685199,bert,6,384
deepspeech2-718,119852.685221,deepspeech2,6,640
deepspeech2-719,120164.68531500001,deepspeech2,8,320
bert-720,120206.685332,bert,8,384
deepspeech2-721,120210.68533800001,deepspeech2,12,320
cifar10-722,120258.68536300001,cifar10,8,2048
deepspeech2-723,120497.68540999999,deepspeech2,6,640
cifar10-724,120509.68541300001,cifar10,8,2048
cifar10-725,120551.68543800001,cifar10,4,4096
cifar10-726,120553.685442,cifar10,4,2048
bert-727,120590.68546800001,bert,8,384
cifar10-728,120907.68552300001,cifar10,12,4096
deepspeech2-729,121241.68558499998,deepspeech2,8,320
bert-730,121300.68559600001,bert,12,384
deepspeech2-731,121430.68563699999,deepspeech2,6,640
cifar10-732,122126.685719,cifar10,6,2048
cifar10-733,122636.685805,cifar10,12,4096
cifar10-734,122655.685808,cifar10,8,2048
yolov3-735,122949.68585499999,yolov3,4,256
cifar10-736,123285.685899,cifar10,16,2048
deepspeech2-737,123837.685952,deepspeech2,12,320
cifar10-738,124006.68596500001,cifar10,8,4096
bert-739,124629.686055,bert,6,192
cifar10-740,125366.68618399999,cifar10,6,2048
bert-741,125449.68619600001,bert,12,384
cifar10-742,125449.686197,cifar10,10,2048
deepspeech2-743,125571.686225,deepspeech2,12,320
deepspeech2-744,125738.686291,deepspeech2,8,320
bert-745,125932.68633599998,bert,16,384
bert-746,126136.68638900001,bert,16,192
cifar10-747,126523.68647100001,cifar10,6,4096
bert-748,126678.686522,bert,8,192
bert-749,126779.68655799999,bert,16,192
cifar10-750,126949.686628,cifar10,8,2048
cifar10-751,126955.68664300001,cifar10,12,2048
yolov3-752,127000.68665599999,yolov3,4,512
bert-753,127002.68665799999,bert,6,384
deepspeech2-754,127158.68671,deepspeech2,8,640
deepspeech2-755,127419.686778,deepspeech2,8,320
bert-756,127425.686781,bert,16,192
deepspeech2-757,127518.686808,deepspeech2,8,640
cifar10-758,127618.686822,cifar10,8,4096
deepspeech2-759,128165.68693699999,deepspeech2,6,320
bert-760,128172.68694000001,bert,12,384
deepspeech2-761,128617.687035,deepspeech2,8,640
bert-762,128639.68703800002,bert,8,192
bert-763,128767.68706199998,bert,6,384
bert-764,128879.687074,bert,16,384
deepspeech2-765,129202.687123,deepspeech2,12,320
cifar10-766,130341.687216,cifar10,16,4096
deepspeech2-767,131086.687329,deepspeech2,6,320
bert-768,131138.68733699998,bert,6,384
deepspeech2-769,131180.68734200002,deepspeech2,6,640
deepspeech2-770,131332.687363,deepspeech2,8,320
bert-771,131371.687368,bert,16,192
cifar10-772,131482.68738699998,cifar10,12,2048
cifar10-773,131541.687411,cifar10,8,2048
cifar10-774,131595.68748,cifar10,6,4096
cifar10-775,131612.687497,cifar10,6,4096
deepspeech2-776,131744.68753,deepspeech2,12,320
deepspeech2-777,131900.687551,deepspeech2,6,320
deepspeech2-778,132054.68756700002,deepspeech2,8,640
bert-779,132174.687587,bert,6,384
deepspeech2-780,132413.687646,deepspeech2,8,320
cifar10-781,132670.687751,cifar10,4,2048
cifar10-782,132724.687771,cifar10,12,2048
bert-783,132778.687785,bert,16,384
cifar10-784,133314.687822,cifar10,4,2048
cifar10-785,133328.687841,cifar10,12,4096
cifar10-786,133898.687902,cifar10,6,2048
cifar10-787,133944.687947,cifar10,12,2048
cifar10-788,133962.68796500002,cifar10,10,4096
deepspeech2-789,134068.687996,deepspeech2,8,320
bert-790,135017.688034,bert,8,192
deepspeech2-791,135358.68805899998,deepspeech2,12,320
cifar10-792,135491.688081,cifar10,16,4096
cifar10-793,135527.688115,cifar10,6,4096
cifar10-794,135634.688135,cifar10,12,2048
bert-795,135818.68818,bert,12,192
deepspeech2-796,135857.68819100002,deepspeech2,12,320
cifar10-797,136029.688224,cifar10,12,4096
cifar10-798,136072.688237,cifar10,4,2048
bert-799,136108.688249,bert,8,192
deepspeech2-800,136471.688301,deepspeech2,12,640
bert-801,136539.68831300002,bert,16,192
deepspeech2-802,136859.688378,deepspeech2,8,640
deepspeech2-803,137173.68843,deepspeech2,12,320
bert-804,137260.68844300002,bert,8,192
deepspeech2-805,137285.68844600001,deepspeech2,6,640
bert-806,137295.688449,bert,6,384
deepspeech2-807,137432.688477,deepspeech2,8,320
deepspeech2-808,137750.688514,deepspeech2,12,320
deepspeech2-809,138061.688536,deepspeech2,6,640
deepspeech2-810,138239.688559,deepspeech2,12,640
deepspeech2-811,138289.688574,deepspeech2,8,640
bert-812,138634.68863699998,bert,8,192
bert-813,138720.688648,bert,16,192
deepspeech2-814,138859.688667,deepspeech2,12,320
deepspeech2-815,138879.688671,deepspeech2,6,320
cifar10-816,139024.688689,cifar10,10,2048
cifar10-817,139038.688692,cifar10,6,4096
bert-818,139141.688705,bert,16,192
deepspeech2-819,139317.68873199998,deepspeech2,8,320
bert-820,139319.688735,bert,12,192
deepspeech2-821,139435.68876199998,deepspeech2,6,320
deepspeech2-822,139441.68876400002,deepspeech2,8,320
deepspeech2-823,139967.688839,deepspeech2,6,640
cifar10-824,139982.688841,cifar10,12,4096
deepspeech2-825,139999.688843,deepspeech2,8,640
deepspeech2-826,140423.688878,deepspeech2,12,640
deepspeech2-827,140504.688894,deepspeech2,6,640
cifar10-828,140507.688895,cifar10,6,2048
bert-829,140638.68891099998,bert,12,192
deepspeech2-830,141157.688967,deepspeech2,12,640
deepspeech2-831,141273.688986,deepspeech2,6,640
deepspeech2-832,141332.688997,deepspeech2,8,640
bert-833,142166.68911099999,bert,8,384
cifar10-834,143145.689252,cifar10,6,4096
yolov3-835,143181.689254,yolov3,4,512
cifar10-836,143402.689273,cifar10,6,4096
bert-837,143509.68928299999,bert,8,384
deepspeech2-838,143687.68931400002,deepspeech2,6,320
cifar10-839,144119.689354,cifar10,8,2048
bert-840,144571.689406,bert,16,192
cifar10-841,145008.689476,cifar10,6,4096
cifar10-842,145103.689491,cifar10,6,4096
cifar10-843,145200.689609,cifar10,8,4096
cifar10-844,145226.689642,cifar10,12,4096
cifar10-845,145242.68967300002,cifar10,4,2048
deepspeech2-846,145286.68971500001,deepspeech2,8,320
deepspeech2-847,145305.68974,deepspeech2,8,640
bert-848,145307.68974200002,bert,8,192
deepspeech2-849,145310.68974600002,deepspeech2,12,640
deepspeech2-850,145372.689804,deepspeech2,6,640
deepspeech2-851,145482.689904,deepspeech2,6,640
deepspeech2-852,145529.689952,deepspeech2,6,640
deepspeech2-853,145606.690022,deepspeech2,6,640
deepspeech2-854,145632.69004400002,deepspeech2,12,320
bert-855,145646.690057,bert,6,192
bert-856,145673.69007799999,bert,6,192
deepspeech2-857,145685.69009000002,deepspeech2,12,320
deepspeech2-858,145805.690123,deepspeech2,6,640
bert-859,146893.69025699998,bert,16,192
bert-860,146992.69027999998,bert,12,192
cifar10-861,147078.690288,cifar10,6,2048
cifar10-862,147193.69031900002,cifar10,12,2048
cifar10-863,147229.690327,cifar10,16,4096
bert-864,147247.69033399998,bert,16,384
deepspeech2-865,147376.690361,deepspeech2,12,640
deepspeech2-866,147489.690372,deepspeech2,6,640
cifar10-867,147669.69038699998,cifar10,8,4096
deepspeech2-868,147905.690412,deepspeech2,12,320
deepspeech2-869,148080.690446,deepspeech2,8,640
cifar10-870,148243.690467,cifar10,10,2048
deepspeech2-871,149576.69055,deepspeech2,6,320
cifar10-872,149715.690581,cifar10,16,4096
deepspeech2-873,150101.690649,deepspeech2,8,640
cifar10-874,150234.69066300002,cifar10,16,4096
deepspeech2-875,150447.690674,deepspeech2,6,640
deepspeech2-876,150456.690676,deepspeech2,6,640
deepspeech2-877,150514.690679,deepspeech2,8,320
bert-878,150538.690681,bert,6,192
cifar10-879,151277.69076300002,cifar10,8,4096
cifar10-880,151277.690764,cifar10,16,2048
cifar10-881,151314.690794,cifar10,8,2048
cifar10-882,151354.690833,cifar10,12,4096
cifar10-883,151415.690855,cifar10,8,4096
bert-884,152003.690899,bert,6,384
cifar10-885,152261.690945,cifar10,6,2048
cifar10-886,152277.690959,cifar10,6,2048
cifar10-887,152278.69095999998,cifar10,8,4096
cifar10-888,153028.691041,cifar10,10,4096
cifar10-889,153030.691045,cifar10,4,2048
cifar10-890,153080.691089,cifar10,8,2048
cifar10-891,153109.691116,cifar10,8,2048
cifar10-892,153130.691133,cifar10,12,4096
cifar10-893,153148.69115,cifar10,8,4096
cifar10-894,153156.691154,cifar10,10,2048
cifar10-895,153173.691171,cifar10,8,4096
cifar10-896,153192.691189,cifar10,12,2048
cifar10-897,153253.69124400002,cifar10,16,4096
cifar10-898,153593.691315,cifar10,16,2048
cifar10-899,154003.691326,cifar10,16,4096
cifar10-900,154155.69133099998,cifar10,10,4096
deepspeech2-901,154953.691383,deepspeech2,12,640
bert-902,154981.691432,bert,16,384
bert-903,154999.691459,bert,16,192
bert-904,155280.691501,bert,8,192
cifar10-905,155784.691563,cifar10,4,2048
cifar10-906,155787.691566,cifar10,8,4096
cifar10-907,155860.691643,cifar10,6,4096
cifar10-908,156879.691699,cifar10,12,4096
cifar10-909,158803.691771,cifar10,10,4096
bert-910,159480.691849,bert,16,192
deepspeech2-911,159487.691868,deepspeech2,8,320
bert-912,159493.691889,bert,6,192
deepspeech2-913,159496.691897,deepspeech2,6,320
deepspeech2-914,159496.691899,deepspeech2,12,320
cifar10-915,159755.692015,cifar10,8,2048
cifar10-916,159764.69204000002,cifar10,4,4096
cifar10-917,159777.692074,cifar10,6,4096
cifar10-918,159792.692113,cifar10,6,2048
deepspeech2-919,161230.692261,deepspeech2,8,640
deepspeech2-920,161350.692277,deepspeech2,8,320
deepspeech2-921,161422.692284,deepspeech2,8,320
cifar10-922,161448.69228599998,cifar10,8,4096
cifar10-923,161454.692289,cifar10,6,2048
bert-924,162044.692319,bert,8,384
bert-925,162207.69234100002,bert,12,192
deepspeech2-926,162747.69238199998,deepspeech2,6,320
cifar10-927,162790.692387,cifar10,6,2048
bert-928,163049.692419,bert,12,192
cifar10-929,163125.692437,cifar10,8,4096
cifar10-930,163128.692438,cifar10,6,2048
cifar10-931,163191.69244800002,cifar10,12,2048
imagenet-932,163934.692525,imagenet,10,12800
cifar10-933,164135.692594,cifar10,6,4096
deepspeech2-934,164167.692618,deepspeech2,12,320
cifar10-935,164178.692623,cifar10,6,2048
bert-936,164283.692659,bert,16,384
bert-937,164589.692695,bert,16,192
bert-938,164787.692751,bert,6,384
bert-939,164897.69279200002,bert,8,192
bert-940,164959.692812,bert,16,384
yolov3-941,164996.692823,yolov3,4,256
deepspeech2-942,165181.692855,deepspeech2,12,640
bert-943,165381.692901,bert,12,384
cifar10-944,165607.692972,cifar10,12,4096
bert-945,165672.692983,bert,16,192
bert-946,165777.693,bert,12,384
cifar10-947,166218.693034,cifar10,8,2048
cifar10-948,166836.693061,cifar10,10,4096
bert-949,167170.693072,bert,6,384
yolov3-950,167801.69311400002,yolov3,4,256
cifar10-951,168595.693154,cifar10,6,2048
cifar10-952,168615.693156,cifar10,8,2048
yolov3-953,168875.693169,yolov3,4,512
cifar10-954,169067.693177,cifar10,4,4096
cifar10-955,169435.69323,cifar10,10,2048
cifar10-956,169577.693238,cifar10,12,2048
cifar10-957,170196.693262,cifar10,12,2048
imagenet-958,171363.693305,imagenet,12,6400
cifar10-959,171693.693315,cifar10,8,2048
